user_name,zscore_acting_performance,zscore_artistic_design,zscore_audio_music,zscore_casting_choices,zscore_character_development,zscore_commercial_context,zscore_comparative_analysis,zscore_editing_pacing,zscore_emotion,zscore_expectation,zscore_filmmaking_direction,zscore_genre_style,zscore_recommendation,zscore_story_plot,zscore_technical_visuals,zscore_themes_messages,zscore_viewing_experience,zscore_writing_dialogue,sentiment_acting_performance,sentiment_artistic_design,sentiment_audio_music,sentiment_casting_choices,sentiment_character_development,sentiment_commercial_context,sentiment_comparative_analysis,sentiment_editing_pacing,sentiment_emotion,sentiment_expectation,sentiment_filmmaking_direction,sentiment_genre_style,sentiment_recommendation,sentiment_story_plot,sentiment_technical_visuals,sentiment_themes_messages,sentiment_viewing_experience,sentiment_writing_dialogue
0213_DJAkin,1.28474,0.50015,-0.6376,1.04056,0.80774,-0.78443,0.1958,-0.82342,0.76403,-0.15309,-0.90863,-0.10609,-0.46355,0.28796,-0.39033,-0.80993,-0.0757,-0.95984,3.880431814302782,3.5520833333333335,3.4285714285714284,3.3134920634920633,3.2832539682539683,3.272727272727273,3.0208333333333335,3.0555555555555554,3.1358024691358026,2.8796296296296298,3.8791666666666664,3.4545454545454546,3.9780701754385963,3.1334650994354125,3.461111111111111,3.1299019607843137,3.5534420289855073,2.892857142857143
0215_ShootingShark,0.3606,1.92385,1.71494,-0.45254,-0.33844,0.16712,-0.00631,0.06033,-1.06848,-1.22317,1.10561,-0.23667,-0.8478,0.40312,1.26994,-0.3587,-0.89722,0.32318,4.334438266324494,4.476700680272109,4.592592592592593,3.59375,3.4698484848484847,3.1472602739726026,3.161877394636015,3.474206349206349,3.666666666666667,2.71875,4.37949843871975,3.967592592592593,4.275193798449613,3.2452434639224417,4.532003546099291,3.675614861329147,3.9786195286195287,3.613095238095238
